<?xml version="1.0" encoding="UTF-8"?>
<CONTENTS>
  <MOVETOWN_SCROLL MoveTownId="1" UseType ="102" UseTypeID ="92">
    <!-- ???? / ??? ??-->
    <MoveTownInfo ID ="1" MapID="19" TownTitleNum="13201" country="0" x="500" y="15" z="500">[0,0,512,512]</MoveTownInfo>

    <!-- ???? / ???-->
    <MoveTownInfo ID ="2" MapID="1" TownTitleNum="13200" country="0" x="500" y="15" z="500">[0,0,512,512]</MoveTownInfo>

    <!-- ???? / ??? ?-->
    <MoveTownInfo ID ="3" MapID="28" TownTitleNum="13202" country="0" x="500" y="15" z="500">[0,0,512,512]</MoveTownInfo>

    <!-- ???? / ???-->
    <MoveTownInfo ID ="4" MapID="2" TownTitleNum="13205" country="0" x="500" y="15" z="500">[0,0,512,512]</MoveTownInfo>

    <!-- ???? / ???? ????-->
    <MoveTownInfo ID ="5" MapID="20" TownTitleNum="13206" country="0" x="500" y="15" z="500">[0,0,512,512]</MoveTownInfo>

    <!-- ???? / ??? ?-->
    <MoveTownInfo ID ="6" MapID="29" TownTitleNum="13207" country="0" x="500" y="15" z="500">[0,0,512,512]</MoveTownInfo>

    <!-- ???? / ???? ??-->
    <MoveTownInfo ID ="7" MapID="75" TownTitleNum="13204" country="0" x="500" y="15" z="500">[0,0,512,512]</MoveTownInfo>

    <!-- ????? / ?? ??-->
    <MoveTownInfo ID ="8" MapID="76" TownTitleNum="13209" country="0" x="500" y="15" z="500">[0,0,512,512]</MoveTownInfo>

    <!-- ???? ??? / ?? ???-->
    <MoveTownInfo ID ="9" MapID="69" TownTitleNum="13208" country="0" x="500" y="15" z="500">[0,0,512,512]</MoveTownInfo>

    <!-- ???? ??? / ?? ???-->
    <MoveTownInfo ID ="10" MapID="68" TownTitleNum="13208" country="0" x="500" y="15" z="500">[0,0,512,512]</MoveTownInfo>

  </MOVETOWN_SCROLL>
</CONTENTS>